X,Y,Class,P_face,P_left_ear,P_right_ear
0.501101,-0.847211,0,1,9.96364e-32,5.1575e-25
-0.264379,0.690887,0,0.995909,0.00409098,9.38568e-13
0.997231,-0.044634,0,0.999999,2.27619e-30,5.52285e-07
0.874302,0.625503,2,0.162439,2.63718e-25,0.837561
0.162235,-0.520297,0,1,2.37457e-20,3.67369e-20
0.608328,0.519327,0,0.913614,6.38993e-18,0.0863859
0.651329,0.913072,2,0.169487,3.57506e-20,0.830513
0.195598,0.801936,0,0.99988,2.01473e-09,0.000119857
-0.0404675,-0.687838,0,1,1.54084e-21,1.42462e-26
0.252937,0.487787,0,0.999966,8.20927e-11,3.44868e-05
-1.03302,1.17531,1,0.0193471,0.980653,2.10288e-36
0.905959,-0.0337796,0,0.999999,6.80826e-28,8.7107e-07
0.0604368,-0.697808,0,1,1.06878e-22,2.12182e-25
0.322367,0.32602,0,0.999988,9.48857e-13,1.20216e-05
0.622635,0.145108,0,0.999963,8.09445e-20,3.697e-05
-0.888336,0.0695265,0,0.999977,2.34582e-05,1.15033e-32
1.00837,0.683495,2,0.0669384,1.36293e-29,0.933062
-0.196127,-0.778136,0,1,2.04352e-22,3.28398e-31
0.113401,-0.748929,0,1,2.40762e-24,5.85169e-26
0.933535,0.881885,2,0.0179453,1.20252e-28,0.982055
-0.794003,0.656708,1,0.164182,0.835818,6.74582e-27
-0.675095,0.35384,0,0.975289,0.0247105,3.92368e-24
0.0353298,-0.478443,0,1,3.85657e-18,6.40279e-21
-0.746713,0.906775,1,0.0490539,0.950946,5.85857e-26
0.464402,0.0396017,0,1,1.91888e-17,1.53233e-07
1.08927,0.680407,2,0.078056,5.8205e-32,0.921944
-0.841483,0.913099,1,0.0264165,0.973584,4.61386e-29
-1.13209,0.775553,1,0.0732535,0.926746,4.94889e-38
-0.26733,-0.566441,0,1,2.17546e-17,1.12934e-27
0.189124,0.701144,0,0.999944,2.72362e-09,5.60772e-05
-0.463308,0.614955,0,0.896468,0.103532,1.82423e-17
0.383504,-0.0858084,0,1,3.02041e-17,5.3116e-10
-0.647624,0.554561,0,0.639124,0.360876,1.67183e-22
0.593037,-0.290559,0,1,1.23613e-23,5.59349e-12
-0.994692,0.848062,1,0.0260468,0.973953,7.55692e-34
-0.390878,0.614049,0,0.967814,0.0321865,9.53599e-16
0.846557,-0.0619209,0,1,1.1629e-26,2.84989e-07
0.69522,0.911496,2,0.102012,1.69554e-21,0.897988
-0.718863,0.172707,0,0.999527,0.000472904,8.85076e-27
0.474305,-0.615846,0,1,1.21681e-26,1.97357e-19
0.183778,-0.0233038,0,1,2.19055e-13,3.3309e-11
0.757821,1.10659,2,0.0633034,1.71116e-24,0.936697
0.131024,-0.16701,0,1,2.12522e-14,5.29974e-14
-0.000135254,-0.364686,0,1,8.44421e-16,3.25765e-19
1.05096,1.00919,2,0.0115652,3.87727e-33,0.988435
-0.709276,1.0305,1,0.0682424,0.931758,4.99224e-25
-0.309927,-0.661724,0,1,3.44785e-19,1.47993e-30
0.115791,0.352978,0,1,3.12923e-09,5.94411e-08
0.0156848,-0.200562,0,1,1.87795e-13,3.96275e-16
-0.906568,-0.0271844,0,0.999999,9.09651e-07,2.60581e-34
0.992635,0.771667,2,0.0302108,1.03045e-29,0.969789
0.00997495,0.737534,0,0.999998,1.9699e-06,1.5241e-07
0.888813,0.964719,2,0.0178214,8.68249e-28,0.982179
0.32905,-0.319418,0,1,2.24992e-19,2.02346e-14
-0.47214,0.0224381,0,0.999999,1.34388e-06,3.51694e-22
0.775305,-0.225546,0,1,1.0852e-26,3.94613e-10
-1.1241,1.00751,1,0.0189841,0.981016,8.89092e-39
-0.280008,0.571469,0,0.99759,0.00241014,1.74535e-13
0.974597,0.777175,2,0.0295808,3.29745e-29,0.970419
-0.614683,0.0257879,0,0.999995,4.70392e-06,1.36728e-25
-0.185795,0.767409,0,0.999239,0.00076083,5.21032e-11
-0.990548,1.09137,1,0.0155185,0.984481,1.2685e-34
0.32853,-0.749235,0,1,5.08104e-27,9.92365e-24
-0.532383,0.142065,0,0.999934,6.58069e-05,2.83955e-22
0.659097,0.937875,2,0.149952,1.576e-20,0.850048
-0.731992,0.578251,0,0.410016,0.589984,6.23986e-25
0.639677,-0.366904,0,1,1.27721e-25,3.21005e-13
0.301762,0.92621,0,0.996621,1.19009e-11,0.00337915
0.921642,0.957724,2,0.0153508,9.15603e-29,0.984649
0.128042,-0.678412,0,1,5.13763e-23,4.29488e-24
0.942411,0.109746,0,0.999903,8.98977e-28,9.70437e-05
0.501004,-0.436141,0,1,5.00761e-24,2.41678e-15
0.0589391,0.892289,0,0.999998,2.94809e-07,1.43952e-06
0.678337,0.429429,0,0.951011,9.97014e-20,0.0489885
-0.73541,-0.431076,0,1,1.40529e-13,1.3452e-35
-0.356145,-0.761894,0,1,2.80718e-21,8.90387e-34
0.447382,0.499405,0,0.995706,1.91095e-14,0.00429418
0.120027,-0.391343,0,1,1.34967e-17,4.47733e-18
-1.02948,1.13573,1,0.0168033,0.983197,4.03207e-36
0.0670024,-0.329702,0,1,5.68692e-16,1.27543e-17
1.02846,1.15743,2,0.0165917,1.85406e-33,0.983408
0.0116871,0.317178,0,1,5.23386e-08,8.58049e-10
-0.194295,0.964826,0,0.999218,0.000781877,3.644e-11
-0.374386,-0.293916,0,1,9.652e-12,1.29734e-24
-0.523804,0.37272,0,0.990696,0.00930445,4.13682e-20
-0.242006,0.760198,0,0.996821,0.00317905,3.76915e-12
0.113401,-0.933332,0,1,1.38614e-28,1.01527e-30
1.1468,0.945181,2,0.0157908,1.20873e-35,0.984209
-0.969849,1.01439,1,0.0151189,0.984881,1.22295e-33
0.275256,-0.393699,0,1,1.05245e-19,2.35909e-16
0.111971,0.00112422,0,1,4.06582e-12,8.56109e-12
0.504786,0.360481,0,0.998892,4.24952e-16,0.00110778
-0.0479822,-0.251282,0,1,1.62755e-13,6.24562e-18
-0.737583,0.381801,0,0.942603,0.0573965,1.11384e-25
-0.418923,0.298296,0,0.999422,0.000578047,3.45037e-18
0.688241,0.959517,2,0.10476,1.57727e-21,0.89524
-0.492936,-0.0450953,0,1,2.11849e-07,1.65147e-23
-0.771963,-0.0114593,0,0.999998,2.21292e-06,3.19541e-30
0.469109,-0.111073,0,1,4.63784e-19,1.08214e-09
-0.993724,1.0712,1,0.0150065,0.984994,1.18324e-34
0.645767,0.858614,2,0.20434,9.48507e-20,0.79566
0.838898,0.779177,2,0.0498159,3.88113e-25,0.950184
0.0953242,0.834049,0,0.999995,9.26718e-08,4.88385e-06
-0.85424,0.454234,0,0.759187,0.240813,9.54639e-29
-0.427589,-0.538424,0,1,4.19007e-16,2.66592e-30
0.0253807,0.710827,0,0.999999,1.11451e-06,2.32093e-07
1.14399,1.03644,2,0.014098,3.03095e-36,0.985902
0.235309,0.584475,0,0.999926,3.05052e-10,7.44785e-05
0.598892,-0.741798,0,1,3.14071e-31,8.37078e-22
0.302217,0.650914,0,0.999065,2.36264e-11,0.00093472
-1.0911,1.12879,1,0.0174371,0.982563,3.39256e-38
0.329971,0.619604,0,0.998603,6.57106e-12,0.00139726
0.297357,-0.340259,0,1,3.36363e-19,4.11279e-15
0.451393,-0.434412,0,1,3.90829e-23,1.21122e-15
1.06706,1.1754,2,0.0179763,8.0297e-35,0.982024
-0.29523,-0.209908,0,1,7.73469e-11,1.24534e-21
-0.525005,-0.186707,0,1,2.20028e-09,3.01266e-26
-0.0377569,-0.491221,0,1,1.20456e-17,3.07676e-22
-0.853077,1.07339,1,0.0241096,0.97589,6.28017e-30
0.800998,0.689988,2,0.12901,1.64997e-23,0.87099
0.203155,0.220637,0,1,1.96139e-11,5.04969e-08
-0.766882,0.214929,0,0.998419,0.00158059,9.92215e-28
-0.579429,0.00775715,0,0.999998,2.18821e-06,6.37586e-25
0.0426076,0.413942,0,1,7.57408e-08,1.47815e-08
-0.13553,-0.926933,0,1,2.20851e-26,5.28388e-34
0.0660775,0.688207,0,0.999999,2.59584e-07,8.69392e-07
-0.0135677,-0.809036,0,1,1.85992e-24,4.05936e-29
-0.98366,0.169963,0,0.999706,0.000293528,1.29969e-34
0.70941,-0.519267,0,1,2.27688e-29,3.70226e-16
0.510869,-0.33738,0,1,1.01787e-22,2.50179e-13
-0.998717,1.07119,1,0.0149445,0.985056,8.02837e-35
-0.18924,-0.114767,0,1,3.02388e-10,3.54568e-18
-1.12857,0.930097,1,0.0248912,0.975109,1.39289e-38
-0.695333,0.541263,0,0.592094,0.407906,6.92358e-24
0.916994,0.680282,2,0.079355,7.14579e-27,0.920645
-0.486536,-0.540558,0,1,5.5379e-16,1.24492e-31
-0.362121,0.707098,0,0.963637,0.0363627,7.68684e-15
0.665191,0.893536,2,0.149386,1.69985e-20,0.850614
-0.427922,0.751992,0,0.856274,0.143726,2.51527e-16
-0.117521,-0.255012,0,1,6.59046e-13,4.03738e-19
-0.0833932,-0.246841,0,1,4.23374e-13,2.02225e-18
-0.504535,-0.0865628,0,1,6.14155e-08,2.48358e-24
0.209233,0.225083,0,1,1.69831e-11,6.66075e-08
0.854074,-0.163829,0,1,7.52706e-28,6.3414e-09
-0.101245,-0.636798,0,1,5.83514e-20,2.45309e-26
0.736364,0.267417,0,0.997095,1.07212e-21,0.00290537
0.798043,-0.546207,0,1,1.07027e-31,1.40877e-16
0.830764,1.1708,2,0.0444809,3.41009e-27,0.955519
-0.677795,0.225174,0,0.998498,0.00150183,3.40756e-25
-0.235375,-0.963873,0,1,8.87452e-27,1.15598e-36
-0.0972071,0.677913,0,0.999953,4.73817e-05,1.51813e-09
-0.93006,0.325473,0,0.979745,0.0202554,1.03392e-31
0.108211,0.48567,0,1,1.80461e-08,4.16994e-07
-1.11004,0.935618,1,0.0223473,0.977653,5.42758e-38
-0.823258,-0.212767,0,1,1.32403e-09,2.21351e-34
-0.8381,-0.231329,0,1,5.90364e-10,4.39301e-35
0.295818,-0.877248,0,1,2.2358e-29,2.59124e-27
0.577493,-0.509498,0,1,1.30864e-26,1.85763e-16
0.851363,-0.434627,0,1,3.50001e-31,4.34114e-14
1.15579,0.747427,2,0.052798,2.01144e-34,0.947202
1.18345,0.933071,2,0.0195788,1.11394e-36,0.980421
-0.686305,-0.422808,0,1,2.21778e-13,3.67626e-34
0.270094,0.226544,0,1,1.79717e-12,3.57701e-07
0.680395,0.868634,2,0.133939,7.83849e-21,0.866061
0.41215,0.189968,0,0.999996,3.03912e-15,3.90383e-06
0.262527,0.0184927,0,1,3.89001e-14,1.01668e-09
-0.379731,0.921166,0,0.92037,0.0796298,3.79292e-15
0.371582,-0.466409,0,1,2.39081e-22,6.3665e-17
-0.840767,0.803547,1,0.0431432,0.956857,9.99901e-29
0.849256,0.630201,2,0.172522,1.32869e-24,0.827478
-0.857068,1.08618,1,0.0243432,0.975657,4.20851e-30
0.481269,-0.849102,0,1,1.89732e-31,3.52295e-25
-0.788235,0.764812,1,0.0704823,0.929518,5.98078e-27
0.392037,-0.632942,0,1,1.2284e-25,2.05042e-20
0.164972,0.681193,0,0.999977,6.74539e-09,2.26909e-05
0.0356897,-0.596482,0,1,2.24207e-20,2.03865e-23
-0.645132,0.887303,1,0.128791,0.871209,1.18544e-22
-0.964572,0.969251,1,0.0160702,0.98393,2.67452e-33
1.07295,0.685521,2,0.0708752,1.62858e-31,0.929125
0.767382,0.158294,0,0.999785,4.81373e-23,0.000215161
-1.10188,0.757136,1,0.0735073,0.926493,5.61068e-37
0.890572,1.20546,2,0.0362493,2.47414e-29,0.963751
-0.360441,0.861509,0,0.944612,0.0553876,1.16764e-14
0.266143,-0.696921,0,1,4.34524e-25,4.99714e-23
0.674402,0.913541,2,0.12911,7.1308e-21,0.87089
0.784859,-0.133279,0,1,6.89218e-26,1.59068e-08
0.628574,0.316022,0,0.997162,5.72433e-19,0.00283753
-1.19423,0.981289,1,0.0297287,0.970271,5.19629e-41
0.0634403,-0.0441468,0,1,5.34286e-12,4.40408e-13
-0.279299,-0.165389,0,1,2.8307e-10,1.25178e-20
0.940942,1.09097,2,0.015844,3.17951e-30,0.984156
0.462107,-0.114262,0,1,5.74762e-19,8.55092e-10
1.05971,0.780948,2,0.0288519,8.60712e-32,0.971148
-0.846419,-0.348124,0,1,3.90554e-12,3.39894e-37
-0.639498,-0.765921,0,1,5.50558e-21,3.85726e-40
-0.156468,0.0624986,0,1,2.33171e-08,3.13792e-15
-0.86826,-0.167706,0,1,6.41898e-09,5.08445e-35
-0.862873,1.06202,1,0.0222887,0.977711,3.19895e-30
-0.795003,0.203979,0,0.998762,0.00123833,1.26486e-28
0.118274,0.287225,0,1,1.11049e-09,1.73456e-08
0.0754829,0.137973,0,1,2.90612e-10,1.29713e-10
-0.915566,1.03224,1,0.0171211,0.982879,6.89731e-32
-0.0599065,0.173158,0,1,2.89215e-08,2.56554e-12
0.137582,-0.651493,0,1,1.41658e-22,2.36059e-23
-0.217465,0.950845,0,0.998432,0.00156846,1.28787e-11
0.434431,0.291859,0,0.999931,5.04123e-15,6.9433e-05
0.017522,-0.894747,0,1,9.57146e-27,6.72017e-31
-0.768611,0.0145162,0,0.999995,5.13204e-06,8.05512e-30
0.376577,0.871691,0,0.97826,5.18637e-13,0.0217397
-0.0797972,0.880992,0,0.999966,3.40971e-05,6.37785e-09
-0.291517,-0.107474,0,1,2.31208e-09,5.12142e-20
0.871115,0.954951,2,0.0199372,3.54072e-27,0.980063
-0.307713,0.186671,0,0.999991,9.094e-06,8.71211e-17
0.86578,0.3142,0,0.980814,9.667e-25,0.0191858
-0.258555,0.0244171,0,1,6.63535e-08,1.31302e-17
-0.608566,-0.778125,0,1,2.87054e-21,1.11327e-39
0.902717,0.725322,2,0.0547034,1.00342e-26,0.945297
-0.187611,-0.442796,0,1,1.66281e-15,1.01092e-23
0.681407,1.02111,2,0.117663,1.23753e-21,0.882337
-0.648129,0.754859,0,0.200216,0.799784,1.54636e-22
0.329667,-0.537917,0,1,6.08326e-23,8.36845e-19
-0.78115,1.17653,1,0.0629884,0.937012,8.22156e-28
-0.473933,0.418471,0,0.989243,0.0107573,1.30499e-18
0.501211,-0.836458,0,1,1.69414e-31,9.9508e-25
-0.21482,-0.360782,0,1,7.54353e-14,1.14541e-22
0.165045,0.293194,0,1,2.43537e-10,8.38087e-08
-0.498782,0.384307,0,0.991561,0.00843938,2.00729e-19
-0.298572,0.0969451,0,0.999999,9.10723e-07,1.50613e-17
0.665375,0.973782,2,0.137215,6.72307e-21,0.862785
-0.069627,-0.80728,0,1,5.87246e-24,6.83326e-30
0.229708,0.0770256,0,1,4.71933e-13,2.45664e-09
0.208554,-0.522804,0,1,5.52934e-21,1.09237e-19
0.805924,0.992045,2,0.0313807,2.30428e-25,0.968619
0.751805,0.333446,0,0.985027,8.64271e-22,0.0149729
-0.290901,0.533813,0,0.997917,0.00208261,6.97521e-14
-0.87853,1.00101,1,0.019609,0.980391,1.49749e-30
-0.194463,0.823511,0,0.998967,0.00103271,4.05556e-11
0.52634,-0.357099,0,1,2.74407e-23,1.30528e-13
-0.651476,0.651274,0,0.360512,0.639488,1.50729e-22
0.405668,0.507083,0,0.997999,1.37477e-13,0.00200127
1.13836,0.915165,2,0.0167596,3.69571e-35,0.98324
-0.102514,0.180341,0,1,1.0005e-07,5.80389e-13
-0.846177,1.07628,1,0.0252835,0.974717,1.04849e-29
-0.235064,0.444224,0,0.99979,0.000210028,3.08806e-13
0.822158,0.525546,0,0.514397,2.08006e-23,0.485603
-0.523931,-0.28019,0,1,6.1941e-11,1.0755e-27
0.101743,-0.599857,0,1,3.82398e-21,1.26682e-22
0.624816,0.0433501,0,0.999998,1.19216e-20,1.86549e-06
1.17103,0.899078,2,0.0207756,4.8968e-36,0.979224
-0.696758,-0.663041,0,1,1.4066e-18,3.03631e-39
1.17197,0.950283,2,0.0175209,1.85199e-36,0.982479
0.749381,0.277859,0,0.995846,5.83253e-22,0.00415352
-0.94958,0.215014,0,0.998773,0.00122677,3.76733e-33
-0.365069,-0.00782376,0,1,1.47859e-07,3.48244e-20
0.847219,-0.431009,0,1,4.9243e-31,5.13989e-14
-0.444987,0.682378,0,0.869539,0.130461,7.50023e-17
-0.102634,0.794825,0,0.999925,7.45351e-05,2.15191e-09
0.185706,-0.545616,0,1,4.1544e-21,1.97184e-20
-0.277577,-0.404483,0,1,3.29472e-14,1.21e-24
0.771663,0.806485,2,0.0697606,2.89085e-23,0.930239
-1.20133,0.928096,1,0.0391015,0.960899,5.40502e-41
-0.086004,0.484902,0,0.999992,7.99233e-06,3.33178e-10
-0.355106,0.275494,0,0.999865,0.000134748,5.74027e-17
-1.12489,0.75244,1,0.0870745,0.912926,1.05219e-37
-0.68183,0.604846,0,0.416183,0.583817,1.92578e-23
0.00149289,0.709331,0,0.999997,2.46358e-06,9.3967e-08
0.844933,-0.113831,0,1,4.07675e-27,4.22561e-08
-0.27536,-0.610643,0,1,2.91352e-18,9.02124e-29
0.771307,-0.49381,0,1,2.81698e-30,1.86447e-15
0.893027,-0.283538,0,1,3.70506e-30,4.71925e-11
0.639336,-0.118992,0,1,1.63154e-22,8.61036e-09
-0.714172,1.05546,1,0.0690321,0.930968,3.00064e-25
-0.150549,-0.439643,0,1,9.96183e-16,5.09317e-23
-0.752301,1.01202,1,0.0445579,0.955442,2.11451e-26
0.620127,0.366914,0,0.992559,1.43631e-18,0.00744143
1.0639,1.16771,2,0.0172497,1.15034e-34,0.98275
-0.802514,-0.447044,0,1,5.18775e-14,1.03879e-37
0.0995272,0.00376235,0,1,6.3684e-12,6.29507e-12
-0.347501,0.275252,0,0.999882,0.000117905,8.32399e-17
-0.903754,0.837333,1,0.0292431,0.970757,7.39156e-31
-0.125695,0.7784,0,0.999855,0.000144875,7.65574e-10
0.943868,1.07743,2,0.0150835,3.13956e-30,0.984917
-0.107182,0.201521,0,1,1.7383e-07,7.92041e-13
-0.566853,-0.163037,0,1,6.78659e-09,6.75994e-27
0.924797,-0.00080596,0,0.999997,4.19252e-28,2.75569e-06
1.08168,1.08964,2,0.0130157,1.12476e-34,0.986984
-0.678892,0.900826,1,0.0900089,0.909991,9.339e-24
-0.907897,0.674557,1,0.107195,0.892805,1.67716e-30
-0.109271,-0.876243,0,1,2.64815e-25,2.95268e-32
-0.817679,-0.54642,0,1,3.58878e-16,4.93106e-40
0.595257,0.13372,0,0.999981,2.60991e-19,1.89203e-05
0.147236,-0.674864,0,1,3.67225e-23,8.79345e-24
-0.142654,0.704596,0,0.999807,0.000193416,2.61969e-10
0.570976,0.522122,0,0.946762,4.67901e-17,0.053238
-0.31969,0.0656241,0,0.999999,5.76755e-07,2.43449e-18
0.387099,0.235185,0,0.999993,1.8066e-14,7.05336e-06
-0.185597,0.0272726,0,1,1.73981e-08,3.44132e-16
-0.655407,0.834638,1,0.133225,0.866775,6.93197e-23
1.09556,0.712288,2,0.0574297,2.25683e-32,0.94257
0.696786,0.761364,2,0.182627,8.41803e-21,0.817373
0.350108,-0.212619,0,1,3.17668e-18,2.46571e-12
0.569005,-0.719451,0,1,2.99232e-30,2.22162e-21
-0.952236,0.664248,1,0.119944,0.880056,7.1393e-32
-0.886494,-0.37197,0,1,1.02779e-12,9.32208e-39
0.63265,0.467726,0,0.945307,1.44195e-18,0.0546933
-0.143687,0.545874,0,0.99993,7.04773e-05,6.46249e-11
-0.148616,-0.182579,0,1,1.50529e-11,1.7712e-18
0.982552,0.6879,2,0.0646224,7.39414e-29,0.935378
0.700352,-0.121419,0,1,7.47098e-24,1.40569e-08
0.737679,0.834344,2,0.0830679,2.1797e-22,0.916932
1.13602,1.12332,2,0.0161591,1.20777e-36,0.983841
-0.61925,-0.432293,0,1,1.39143e-13,1.2087e-32
-0.979634,0.956415,1,0.0163375,0.983663,9.43621e-34
0.342196,0.641816,0,0.997622,4.03982e-12,0.00237833
-0.28212,-0.626767,0,1,1.43862e-18,2.99062e-29
-0.261806,0.263407,0,0.999981,1.911e-05,3.91625e-15
-0.38839,0.713905,0,0.938286,0.0617136,1.96743e-15
0.270264,-0.177808,0,1,1.63334e-16,1.51727e-12
-0.636807,0.510046,0,0.782282,0.217718,2.57698e-22
-0.446886,0.107608,0,0.999989,1.0668e-05,1.25847e-20
0.545305,0.438136,0,0.990555,1.12803e-16,0.00944493
-0.339984,0.418417,0,0.998754,0.00124639,1.42095e-15
-0.0418653,0.737194,0,0.999989,1.06417e-05,2.0492e-08
0.365135,0.0399433,0,1,1.23997e-15,2.18352e-08
0.907999,0.686423,2,0.0769074,1.20893e-26,0.923093
1.04596,0.843392,2,0.0186764,8.11603e-32,0.981324
0.708415,0.997945,2,0.0835835,2.36891e-22,0.916417
0.731004,0.171511,0,0.999765,4.26068e-22,0.000235
0.10801,-0.786463,0,1,4.12401e-25,5.93742e-27
1.03202,0.78633,2,0.0268842,5.36131e-31,0.973116
-0.253531,-0.579485,0,1,9.81467e-18,1.07703e-27
0.624533,0.0160372,0,0.999999,7.02271e-21,7.79878e-07
0.992615,1.14538,2,0.0166077,3.14483e-32,0.983392
1.08352,0.70125,2,0.0619207,6.15248e-32,0.938079
0.880248,1.157,2,0.0287019,1.06066e-28,0.971298
0.685252,-0.0342748,0,1,1.18017e-22,2.77061e-07
0.690373,-0.30739,0,1,7.5409e-26,7.0806e-12
-0.407636,0.865619,0,0.865205,0.134795,8.74121e-16
0.91141,0.960696,2,0.015992,1.82327e-28,0.984008
0.251794,-0.21878,0,1,8.88e-17,2.01866e-13
-0.341313,-0.0536736,0,1,2.66029e-08,2.7709e-20
-0.981099,1.06818,1,0.0151667,0.984833,3.23831e-34
-0.436132,0.27045,0,0.999578,0.000421791,8.24636e-19
0.140724,0.954724,0,0.999976,9.31148e-09,2.42628e-05
0.875221,-0.130319,0,1,5.08305e-28,2.42855e-08
0.0720843,0.312893,0,1,7.49937e-09,6.46519e-09
-0.796354,-0.183727,0,1,4.51017e-09,3.40053e-33
-0.230602,-0.304246,0,1,8.81142e-13,5.90981e-22
0.567136,-0.319066,0,1,1.61834e-23,1.19744e-12
-0.668335,-0.594117,0,1,5.58439e-17,4.71118e-37
-0.278331,-0.86116,0,1,5.57342e-24,9.73321e-35
0.790125,0.288425,0,0.992827,6.50767e-23,0.00717312
-0.626716,0.858287,1,0.16483,0.83517,5.05847e-22
0.222067,-0.116219,0,1,5.08411e-15,4.19332e-12
0.460521,0.476531,0,0.996084,8.95836e-15,0.00391561
0.66178,-0.670121,0,1,4.88919e-31,8.52544e-20
-0.216161,0.591329,0,0.999341,0.000658959,4.20001e-12
0.116385,0.733317,0,0.999993,4.5725e-08,6.6367e-06
-0.15349,0.160936,0,1,2.23267e-07,4.57561e-14
-1.04022,0.803756,1,0.0385381,0.961462,3.66905e-35
-0.772019,0.358474,0,0.958712,0.0412878,8.53573e-27
-1.01354,0.711738,1,0.0816047,0.918395,5.72017e-34
-0.800026,1.127,1,0.0415554,0.958445,2.63788e-28
1.09317,0.807899,2,0.0254411,5.42899e-33,0.974559
0.676002,-0.505472,0,1,1.83761e-28,5.86069e-16
-0.470909,-0.0826673,0,1,5.13237e-08,1.6796e-23
1.14595,1.10389,2,0.0157553,8.18284e-37,0.984245
0.658287,0.117154,0,0.999975,8.42262e-21,2.52585e-05
0.750551,-0.614071,0,1,8.02788e-32,3.19504e-18
0.462071,0.548165,0,0.988478,1.20442e-14,0.0115222
-0.824037,0.661284,1,0.142111,0.857889,7.69342e-28
1.02893,0.70239,2,0.0557596,2.50692e-30,0.94424
0.87063,1.18723,2,0.0365455,1.41226e-28,0.963455
-0.182834,-0.864553,0,1,1.49878e-24,3.80945e-33
0.00227996,-0.449595,0,1,2.78501e-17,8.25756e-21
-0.496892,-0.671493,0,1,8.1537e-19,1.18447e-34
0.32254,-0.827832,0,1,1.26266e-28,8.88525e-26
0.962141,0.165478,0,0.999501,5.68394e-28,0.000498724
0.0923023,0.349579,0,1,6.57499e-09,2.58982e-08
0.937584,0.903854,2,0.016358,6.51808e-29,0.983642
0.343522,-0.732396,0,1,6.95887e-27,3.47295e-23
-0.0797196,-0.748732,0,1,1.51368e-22,1.31704e-28
-0.742495,-0.120857,0,1,5.10301e-08,8.068e-31
-0.721224,-0.497028,0,1,6.37152e-15,1.82994e-36
0.333055,0.374039,0,0.99996,1.07109e-12,4.01968e-05
0.313211,0.705068,0,0.998025,1.55017e-11,0.0019755
-1.01031,1.05448,1,0.0146666,0.985333,3.78953e-35
0.69448,0.952907,2,0.0977568,1.09609e-21,0.902243
0.451819,0.701747,0,0.952032,2.42325e-14,0.0479677
0.209555,0.250565,0,1,2.55191e-11,1.21098e-07
-0.0174758,0.0609617,0,1,7.49863e-10,6.51958e-13
-0.0157229,-0.415097,0,1,1.70411e-16,2.12884e-20
0.238976,-0.679687,0,1,2.20748e-24,6.87921e-23
-0.301994,-0.879671,0,1,2.42303e-24,1.19174e-35
0.559588,-0.467841,0,1,1.34692e-25,1.16743e-15
0.313584,0.678823,0,0.998385,1.50384e-11,0.00161533
-0.229467,0.222907,0,0.999996,4.39272e-06,7.21822e-15
0.915182,1.11316,2,0.0191975,1.51526e-29,0.980803
-0.0688101,-0.615716,0,1,8.62093e-20,2.32361e-25
0.207088,-0.289556,0,1,3.87115e-17,3.81644e-15
0.21861,-0.974808,0,1,9.7566e-31,1.03444e-30
-0.629717,0.969393,1,0.145314,0.854686,2.59727e-22
0.744694,0.226646,0,0.998869,4.20674e-22,0.00113149
0.830558,0.689371,2,0.107565,2.24459e-24,0.892435
0.237318,0.898348,0,0.99947,2.43555e-10,0.000530427
-0.926927,0.877334,1,0.0228232,0.977177,9.6642e-32
-0.273255,0.650874,0,0.99606,0.00394012,4.73077e-13
-0.077566,-0.346408,0,1,9.82387e-15,4.60441e-20
-1.01303,1.08787,1,0.0151575,0.984843,2.26914e-35
-0.419307,-0.371603,0,1,6.6708e-13,6.39713e-27
-1.02465,0.726216,1,0.0728634,0.927137,2.24889e-34
-0.101309,-0.793233,0,1,2.15051e-23,4.99665e-30
0.271484,0.202532,0,1,1.14106e-12,2.07703e-07
-0.843814,0.177716,0,0.99939,0.000610487,2.82495e-30
0.215268,-0.70661,0,1,1.24253e-24,8.908e-24
0.997292,1.19306,2,0.0212767,1.06402e-32,0.978723
0.156681,-0.610683,0,1,5.46821e-22,3.37064e-22
1.00635,0.995636,2,0.0118135,1.18777e-31,0.988187
0.179685,0.192534,0,1,2.74671e-11,1.30529e-08
-0.803007,-0.55868,0,1,2.09834e-16,7.12387e-40
0.558331,-0.71449,0,1,5.79042e-30,2.61607e-21
-0.189268,-0.358027,0,1,5.46034e-14,3.70046e-22
-0.907626,1.13885,1,0.0225199,0.97748,5.53259e-32
0.211024,0.73457,0,0.999863,1.15862e-09,0.000136833
-0.622684,0.171501,0,0.999712,0.000287912,3.07589e-24
-0.752885,0.239705,0,0.997168,0.0028324,3.98899e-27
0.112406,-0.537217,0,1,4.55042e-20,3.98855e-21
-0.971278,0.75125,1,0.0523557,0.947644,9.46167e-33
-0.427366,0.367309,0,0.997649,0.00235119,7.34999e-18
-0.793881,0.340817,0,0.96963,0.0303704,1.55278e-27
0.53051,-0.00907905,0,1,3.54046e-19,9.71507e-08
0.988628,0.630759,2,0.118928,1.1336e-28,0.881072
-0.730308,0.620279,0,0.295465,0.704535,6.76822e-25
-0.33352,0.0862069,0,0.999999,1.23735e-06,2.17007e-18
0.226285,-0.317512,0,1,8.01264e-18,1.9617e-15
-0.0716851,-0.275877,0,1,1.1714e-13,1.00693e-18
0.926628,0.019694,0,0.999995,5.44312e-28,5.49987e-06
0.979549,1.08246,2,0.0136454,2.15558e-31,0.986355
0.134238,-0.0849432,0,1,2.10043e-13,1.04636e-12
0.481684,0.716471,0,0.905522,5.18849e-15,0.0944785
0.725702,0.642211,0,0.328202,4.09822e-21,0.671798
0.443898,0.812004,0,0.920879,2.56209e-14,0.0791211
-0.657863,-0.112891,0,1,6.02006e-08,1.82481e-28
0.319395,0.461435,0,0.999868,4.36285e-12,0.000131929
-1.15713,1.08635,1,0.0205334,0.979467,2.9589e-40
0.0723924,-0.598217,0,1,8.60261e-21,5.78363e-23
0.657531,-0.703542,0,1,1.3892e-31,1.25586e-20
0.59816,-0.283181,0,1,1.22671e-23,8.1225e-12
-1.02399,1.0579,1,0.0146948,0.985305,1.27172e-35
0.695946,0.485704,0,0.856412,4.57278e-20,0.143588
-0.802866,0.50679,0,0.586409,0.413591,4.33094e-27
0.534934,-0.416402,0,1,2.47018e-24,9.81878e-15
-0.413123,0.217115,0,0.999903,9.69644e-05,9.21012e-19
0.00735985,0.671318,0,0.999998,1.80139e-06,9.01904e-08
-0.576473,0.330197,0,0.99274,0.00725996,1.01692e-21
0.863849,0.0549745,0,0.999984,4.03097e-26,1.56747e-05
0.988029,0.875118,2,0.0161754,2.85947e-30,0.983825
0.151146,0.0963237,0,1,1.06951e-11,4.55865e-10
0.543143,0.746807,0,0.706806,1.62967e-16,0.293194
0.760405,-0.460644,0,1,1.57636e-29,9.20156e-15
0.775468,1.12213,2,0.0566556,3.84394e-25,0.943344
-0.853867,0.495781,0,0.604846,0.395154,1.22609e-28
-0.790602,-0.343915,0,1,6.10056e-12,1.4773e-35
-0.966684,1.20541,1,0.0250756,0.974924,3.04742e-34
-1.1125,0.90588,1,0.0259466,0.974053,6.05435e-38
0.534798,-0.023321,0,1,2.12341e-19,6.47655e-08
0.0505815,-0.24137,0,1,1.94192e-14,2.66295e-16
-0.662132,-0.662366,0,1,1.58397e-18,2.35389e-38
-0.134462,-0.653126,0,1,4.73979e-20,3.06704e-27
-0.522882,-0.383481,0,1,8.58801e-13,1.89927e-29
-0.221045,0.769292,0,0.998077,0.00192293,1.04057e-11
0.00983483,-0.666235,0,1,1.54136e-21,2.38653e-25
1.14787,1.07684,2,0.0149457,1.13677e-36,0.985054
-0.754235,0.103842,0,0.999923,7.6713e-05,1.95366e-28
0.72819,0.104662,0,0.999966,1.76761e-22,3.40993e-05
-0.989476,1.16441,1,0.0193911,0.980609,7.22714e-35
-0.0322404,-0.469602,0,1,2.66158e-17,1.01971e-21
0.794666,1.03702,2,0.0361913,2.87451e-25,0.963809
0.669444,-0.222161,0,1,2.5126e-24,2.13094e-10
0.926478,-0.258387,0,1,1.10766e-30,1.39206e-10
-0.606488,0.136043,0,0.999897,0.000102658,3.5671e-24
0.967008,1.20014,2,0.0242532,9.05688e-32,0.975747
-0.483646,-0.838831,0,1,7.71089e-23,2.68639e-38
0.156845,0.00218102,0,1,1.00447e-12,3.4197e-11
0.499692,0.373208,0,0.998697,6.13245e-16,0.00130292
-0.617811,-0.485213,0,1,1.1948e-14,1.30727e-33
-0.00591387,0.18314,0,1,8.11179e-09,2.42397e-11
-0.175105,-0.960632,0,1,5.28236e-27,1.49763e-35
0.475679,-0.472517,0,1,3.62299e-24,2.90791e-16
0.0528911,-0.895605,0,1,4.36991e-27,1.8666e-30
-0.493713,0.699932,0,0.727623,0.272377,4.5744e-18
0.675923,-0.566282,0,1,1.80961e-29,2.59424e-17
0.407653,0.540478,0,0.996652,1.49887e-13,0.00334756
0.193091,-0.825487,0,1,6.25614e-27,5.7318e-27
0.614366,0.063743,0,0.999997,2.94639e-20,3.09263e-06
-0.484664,0.775457,0,0.667605,0.332395,9.01763e-18
0.529875,-0.793718,0,1,4.52881e-31,1.86563e-23
-0.594364,0.659153,0,0.488196,0.511804,7.03038e-21
-0.264776,-0.120653,0,1,9.79814e-10,1.10809e-19
0.669866,-0.284105,0,1,4.11606e-25,1.62483e-11
-0.49893,-0.587683,0,1,5.91035e-17,6.96029e-33
1.02647,0.709845,2,0.05174,2.63985e-30,0.94826
-1.17174,0.886322,1,0.0402796,0.95972,8.14048e-40
-0.348518,-0.772328,0,1,1.49495e-21,7.08595e-34
-0.345042,-0.594784,0,1,1.36386e-17,8.92411e-30
-0.562739,0.555,0,0.808682,0.191318,3.49902e-20
-0.791034,-0.169887,0,1,7.77882e-09,7.59188e-33
1.19235,0.840764,2,0.0318893,3.10381e-36,0.968111
1.03198,1.0647,2,0.012121,6.25996e-33,0.987879
-0.827442,-0.175779,0,1,5.58176e-09,5.86679e-34
-0.671754,0.925864,1,0.0934975,0.906502,1.41046e-23
-0.720357,0.80669,1,0.0855927,0.914407,6.89185e-25
0.402385,-0.659661,0,1,2.6125e-26,5.83047e-21
-0.0304248,0.0701003,0,1,1.32037e-09,5.26213e-13
0.300174,0.533855,0,0.999766,1.62523e-11,0.000233605
0.404958,-0.0616142,0,1,2.34391e-17,1.87888e-09
-0.947013,0.728932,1,0.0630596,0.93694,6.67651e-32
-0.355346,0.411438,0,0.998517,0.00148253,5.94907e-16
-0.142741,-0.362787,0,1,1.94341e-14,1.95086e-21
-0.585166,-0.37532,0,1,1.60431e-12,8.88512e-31
-0.824724,0.89864,1,0.0299781,0.970022,1.78819e-28
-0.32462,0.0536057,0,1,4.52938e-07,1.39064e-18
-0.386477,0.19947,0,0.999956,4.41342e-05,2.44661e-18
-0.21781,0.190142,0,0.999998,1.72781e-06,5.8007e-15
0.992343,0.108539,0,0.99991,4.01096e-29,8.99146e-05
0.773924,0.736945,2,0.107672,5.86354e-23,0.892328
0.071601,-0.438191,0,1,8.01152e-18,1.28253e-19
0.0852518,0.614127,0,0.999999,9.95245e-08,9.03375e-07
-0.507664,0.829726,0,0.532398,0.467602,2.06021e-18
-1.18118,0.855394,1,0.0527661,0.947234,5.49675e-40
-0.18955,0.585128,0,0.999676,0.000324212,1.31564e-11
-0.845231,0.66312,1,0.131867,0.868133,1.66115e-28
0.654133,-0.507389,0,1,4.69867e-28,4.45108e-16
0.531621,-0.541353,0,1,2.62607e-26,2.12353e-17
-0.447092,-0.784884,0,1,1.42901e-21,3.40254e-36
0.179747,-0.581573,0,1,1.04382e-21,2.76867e-21
-0.948394,0.895764,1,0.0204585,0.979542,1.66188e-32
-0.314274,-0.328925,0,1,1.16723e-12,5.44097e-24
0.724356,0.0427474,0,0.999995,7.29424e-23,4.93696e-06
-0.911414,-0.0127194,0,0.999999,1.45591e-06,2.77215e-34
-0.430689,0.817829,0,0.81685,0.18315,2.35232e-16
0.799064,1.04474,2,0.0352997,1.88754e-25,0.9647
-0.588403,-0.454149,0,1,4.80278e-14,2.66598e-32
-0.711437,-0.0626288,0,1,3.85828e-07,3.31744e-29
0.439708,0.778493,0,0.937852,3.65753e-14,0.0621482
-0.99103,0.830506,1,0.0290009,0.970999,1.15177e-33
-0.0255797,-0.620247,0,1,2.90814e-20,8.20328e-25
0.977579,0.800672,2,0.0248972,1.87178e-29,0.975103
-0.194886,-0.0487366,0,1,2.50393e-09,2.37584e-17
-0.705451,1.03712,1,0.0719011,0.928099,6.43584e-25
-0.497779,-0.281533,0,1,4.92836e-11,4.12115e-27
0.573779,0.0981984,0,0.999995,3.99337e-19,5.08949e-06
1.0056,1.18196,2,0.0195628,6.8282e-33,0.980437
0.230814,-0.566714,0,1,4.41406e-22,2.13223e-20
0.839428,-0.422444,0,1,9.89752e-31,7.65933e-14
0.795645,-0.189925,0,1,9.47822e-27,1.84293e-09
0.0980984,0.323073,0,1,3.73152e-09,1.879e-08
-0.585724,0.605361,0,0.643449,0.356551,1.09263e-20
0.149946,0.908139,0,0.999966,8.52295e-09,3.41809e-05
-0.961868,0.99095,1,0.0155861,0.984414,2.74649e-33
-0.237444,0.629454,0,0.998524,0.00147555,2.19296e-12
-0.103417,0.134304,0,1,3.76903e-08,1.80267e-13
-0.595452,-0.153132,0,1,1.1276e-08,1.87488e-27
-0.82118,-0.119737,0,1,4.72716e-08,5.37244e-33
-0.180752,0.670532,0,0.999538,0.000462185,3.95252e-11
-0.851052,0.913824,1,0.0252089,0.974791,2.23391e-29
-0.537347,-0.392185,0,1,6.34807e-13,6.09316e-30
-0.302022,0.356755,0,0.999771,0.000228536,3.39393e-15
-0.843037,0.0448955,0,0.999988,1.24074e-05,1.35059e-31
0.605294,0.432819,0,0.978819,5.08936e-18,0.0211809
-0.286056,0.72011,0,0.992211,0.00778873,3.83041e-13
-0.625426,0.266269,0,0.997163,0.00283693,1.81624e-23
-0.694173,0.736127,1,0.155001,0.844999,6.19046e-24
0.488265,0.552934,0,0.979724,3.43392e-15,0.0202761
-0.508346,-0.418455,0,1,1.72534e-13,9.44719e-30
-0.852979,-0.333411,0,1,7.22566e-12,3.89728e-37
0.94107,0.789344,2,0.0290967,2.80465e-28,0.970903
0.435103,-0.333799,0,1,2.53392e-21,8.65354e-14
0.731276,0.705891,2,0.193194,1.5065e-21,0.806806
0.254881,-0.746873,0,1,5.61307e-26,2.36768e-24
0.363024,-0.458854,0,1,4.34892e-22,7.71388e-17
0.459324,0.727766,0,0.932631,1.58583e-14,0.0673686
0.334661,0.528346,0,0.999481,3.62474e-12,0.000519009
-0.163611,-0.191731,0,1,1.49393e-11,6.95022e-19
-0.656136,0.512899,0,0.745237,0.254763,7.70131e-23
-0.549516,-0.665309,0,1,1.32549e-18,1.03812e-35
-0.746374,1.01614,1,0.0471393,0.952861,3.23898e-26
-0.310844,0.717991,0,0.986619,0.013381,1.11282e-13
1.16205,0.870582,2,0.0226965,1.5193e-35,0.977304
-0.384339,-0.708837,0,1,5.976e-20,4.23224e-33
-0.320307,0.619908,0,0.991311,0.00868887,3.73835e-14
-0.885679,0.694724,1,0.0900807,0.909919,7.43595e-30
0.632984,-0.221968,0,1,1.45733e-23,1.50178e-10
0.814586,-0.3717,0,1,1.8955e-29,7.86389e-13
0.805236,0.0128339,0,0.999997,5.21797e-25,3.16997e-06
-0.563086,-0.786587,0,1,1.78205e-21,8.23426e-39
0.596051,0.520917,0,0.925078,1.24005e-17,0.0749223
0.736177,0.517811,0,0.702333,4.35003e-21,0.297667
-0.246769,-0.914801,0,1,1.82562e-25,1.48142e-35
-0.765494,-0.489949,0,1,7.78671e-15,1.6643e-37
0.963564,0.917815,2,0.0145275,8.37462e-30,0.985473
0.555803,-0.0738487,0,1,2.52216e-20,1.56218e-08
-0.535856,-0.318261,0,1,1.43071e-11,1.30558e-28
-0.47971,-0.0553473,0,1,1.34979e-07,2.45246e-23
-0.574832,-0.447117,0,1,6.37835e-14,7.66521e-32
-0.896286,0.875714,1,0.0245549,0.975445,9.76051e-31
0.024216,-0.144537,0,1,8.80911e-13,4.04546e-15
-0.882381,1.12627,1,0.0241911,0.975809,4.37895e-31
0.101467,-0.829776,0,1,5.0915e-26,3.95689e-28
0.697551,1.08294,2,0.112885,1.84151e-22,0.887115
0.1729,-0.728701,0,1,1.39658e-24,9.02254e-25
1.14735,0.788584,2,0.0359039,1.76786e-34,0.964096
-0.0764034,-0.541537,0,1,2.98996e-18,7.11886e-24
-0.80731,0.932986,1,0.0304719,0.969528,5.31602e-28
-0.141848,-0.579895,0,1,1.75384e-18,9.57388e-26
-0.00773551,0.241231,0,1,2.58815e-08,8.69636e-11
-0.0975549,-0.363725,0,1,7.66898e-15,1.05781e-20
-0.413642,-0.337151,0,1,2.61686e-12,3.45387e-26
0.517152,0.748492,0,0.792509,6.99406e-16,0.207491
-0.281483,-0.425951,0,1,1.40794e-14,4.01085e-25
-0.860594,0.792154,1,0.0432652,0.956735,2.48975e-29
-0.746296,0.945206,1,0.0464483,0.953552,4.88127e-26
-0.168675,0.751432,0,0.999539,0.00046102,1.05595e-10
0.170224,0.800979,0,0.999946,5.5808e-09,5.37844e-05
-0.419749,0.442973,0,0.992943,0.00705679,3.38291e-17
0.924856,0.66099,2,0.0944304,5.48931e-27,0.90557
1.04852,0.799731,2,0.0247302,1.3778e-31,0.97527
-0.126478,0.13871,0,1,7.25308e-08,8.00221e-14
-0.826609,0.262083,0,0.994644,0.00535597,4.7018e-29
-0.0147277,-0.534744,0,1,1.10973e-18,8.46473e-23
-0.783503,-0.0520872,0,0.999999,5.62503e-07,4.79423e-31
0.00519938,-0.871739,0,1,4.36361e-26,1.83729e-30
0.342449,0.896593,0,0.990259,2.23545e-12,0.00974109
-0.150077,-0.502176,0,1,6.76632e-17,2.95641e-24
0.912126,-0.0529637,0,1,3.23485e-28,4.43824e-07
0.770164,0.431453,0,0.885496,5.469e-22,0.114504
0.859799,0.983945,2,0.0209422,5.31968e-27,0.979058
0.740344,0.710023,2,0.1736,7.83303e-22,0.8264
-0.205515,0.651737,0,0.999217,0.000783207,1.13292e-11
0.809518,-0.031386,0,0.999999,1.72592e-25,7.24186e-07
1.06189,0.814017,2,0.0228206,4.31105e-32,0.977179
0.705927,0.2078,0,0.999504,2.71333e-21,0.000495949
-0.774063,0.164186,0,0.999576,0.000424194,2.1566e-28
-0.756293,0.822898,1,0.0610742,0.938926,4.54461e-26
0.306472,-0.174738,0,1,4.91187e-17,4.00775e-12
0.980892,1.07899,2,0.0134806,2.0612e-31,0.986519
-0.184805,-0.939124,0,1,2.12609e-26,3.92094e-35
-0.26975,0.548799,0,0.998458,0.00154241,2.25968e-13
-0.617109,0.333933,0,0.988874,0.0111263,9.82812e-23
-0.823247,-0.391571,0,1,6.21448e-13,2.74181e-37
-0.314183,-0.844124,0,1,2.06039e-23,5.61748e-35
-0.838255,1.00415,1,0.0239918,0.976008,3.18002e-29
-0.287419,0.597774,0,0.996409,0.00359136,1.56114e-13
-1.04665,1.01233,1,0.0152182,0.984782,3.35671e-36
-0.226705,0.74311,0,0.997941,0.00205905,7.24278e-12
0.920956,1.01144,2,0.0150159,4.38161e-29,0.984984
-0.300078,-0.418948,0,1,2.42582e-14,2.38064e-25
0.504184,-0.170045,0,1,2.13365e-20,2.15629e-10
0.725157,0.683871,0,0.239709,2.85314e-21,0.760291
-0.255225,-0.785427,0,1,2.90513e-22,1.97745e-32
-0.524896,-0.108258,0,1,3.49861e-08,4.145e-25
-0.199067,0.762268,0,0.998931,0.00106936,2.79821e-11
-0.804251,-0.0738244,0,1,2.56762e-07,6.59092e-32
0.756647,0.861476,2,0.0618676,4.13953e-23,0.938132
0.00851974,-0.328542,0,1,2.65236e-15,2.00324e-18
0.306889,-0.706668,0,1,7.69567e-26,7.04055e-23
0.535969,0.194229,0,0.999959,1.19597e-17,4.09473e-05
-1.01066,1.14368,1,0.0174141,0.982586,1.64434e-35
-0.705179,0.887618,1,0.0724644,0.927536,1.42235e-24
0.360243,-0.463852,0,1,3.96806e-22,5.75851e-17
-0.568981,-0.175454,0,1,4.37354e-09,3.93914e-27
0.191154,0.567087,0,0.999983,1.57784e-09,1.66059e-05
-0.175097,0.562064,0,0.999816,0.00018449,1.97518e-11
0.242128,0.548323,0,0.999941,1.91477e-10,5.85112e-05
-0.0606364,-0.907269,0,1,2.05909e-26,2.47481e-32
0.234624,-0.950451,0,1,2.47826e-30,7.09862e-30
0.294189,0.163508,0,1,2.3932e-13,1.37564e-07
-0.963812,-0.156005,0,1,5.41431e-09,1.01349e-37
-0.139239,-0.84298,0,1,2.67228e-24,7.07211e-32
-0.00317624,0.66556,0,0.999997,2.48357e-06,5.80031e-08
0.0313627,-0.0230482,0,1,2.33628e-11,2.95697e-13
-0.779742,0.893508,1,0.0398522,0.960148,5.35769e-27
1.05962,0.861858,2,0.0171615,2.30982e-32,0.982839
-0.888291,1.19724,1,0.0332472,0.966753,1.59569e-31
-0.888609,0.623993,1,0.182746,0.817254,8.92841e-30
-0.15555,-0.360946,0,1,2.65649e-14,1.27291e-21
-0.680383,1.07151,1,0.102843,0.897157,3.5749e-24
-1.03484,0.885094,1,0.0224307,0.977569,2.66317e-35
0.526756,0.520818,0,0.974177,4.49182e-16,0.0258235
-0.200344,-0.714804,0,1,5.98005e-21,9.048e-30
-0.298553,-0.0920142,0,1,4.22396e-09,6.13939e-20
0.678925,-0.20206,0,1,2.74424e-24,5.20935e-10
0.900792,0.868874,2,0.0215843,1.46399e-27,0.978416
-0.325534,-0.073125,0,1,1.15554e-08,3.19313e-20
0.420524,-0.487538,0,1,1.73303e-23,5.66857e-17
0.0716911,-0.119438,0,1,5.04808e-13,4.64244e-14
0.944324,0.722104,2,0.0494929,6.06167e-28,0.950507
-0.431692,0.556138,0,0.963672,0.0363284,6.54813e-17
-1.11791,0.76255,1,0.076092,0.923908,1.6142e-37
-0.786052,-0.582995,0,1,6.60109e-17,6.64435e-40
-0.274702,0.864897,0,0.991892,0.00810828,9.31494e-13
0.616301,-0.0347238,0,1,3.57383e-21,1.31726e-07
0.122288,0.056032,0,1,1.10661e-11,6.06787e-11
1.13723,0.720308,2,0.0621849,1.14151e-33,0.937815
-0.75492,-0.177905,0,1,6.0724e-09,5.78061e-32
1.0599,1.14805,2,0.0156831,2.1259e-34,0.984317
0.224574,-0.950444,0,1,3.25892e-30,5.64596e-30
-0.680737,-0.719462,0,1,6.76357e-20,4.30484e-40
-1.12154,0.821718,1,0.0467839,0.953216,7.00645e-38
0.222238,-0.120311,0,1,4.5053e-15,3.64619e-12
0.123062,-0.939146,0,1,7.98144e-29,9.15926e-31
-0.854811,1.06396,1,0.0233835,0.976616,5.87586e-30
-0.122818,-0.0987568,0,1,1.25921e-10,9.00183e-17
1.0168,0.815198,2,0.0219156,9.74772e-31,0.978084
1.07246,0.761262,2,0.0346107,4.92441e-32,0.965389
-0.59723,0.643843,0,0.516036,0.483964,5.71646e-21
-0.701961,0.80123,1,0.10152,0.89848,2.70367e-24
-0.776466,-0.110703,0,1,7.20201e-08,1.29069e-31
0.854374,1.06319,2,0.0236693,2.62929e-27,0.976331
0.131477,-0.965872,0,1,1.44524e-29,2.11221e-31
0.782358,0.425052,0,0.888236,2.61659e-22,0.111764
-0.629145,-0.205319,0,1,1.86538e-09,4.55713e-29
0.520649,0.479386,0,0.987569,4.978e-16,0.0124309
-0.906902,0.0908742,0,0.999958,4.21316e-05,5.3206e-33
-0.502844,-0.592045,0,1,4.84256e-17,4.60076e-33
-0.740026,-0.416397,0,1,2.73675e-13,1.87538e-35
-0.815887,0.881624,1,0.0332306,0.966769,3.86477e-28
-0.32455,-0.565412,0,1,4.51335e-17,9.51223e-29
0.463856,0.130985,0,0.999998,1.1547e-16,2.20533e-06
-0.756924,0.835095,1,0.0575022,0.942498,4.06233e-26
-0.460109,0.841448,0,0.712104,0.287896,4.08128e-17
0.371718,0.432201,0,0.999715,3.62455e-13,0.000284641
-0.973281,0.926149,1,0.017904,0.982096,1.97322e-33
-0.507332,0.521139,0,0.928968,0.0710316,6.90895e-19
-0.318447,-0.702577,0,1,4.64367e-20,1.1943e-31
0.163588,-0.478983,0,1,1.2547e-19,2.77063e-19
0.268198,-0.504224,0,1,1.85183e-21,1.14575e-18
-0.420956,0.363741,0,0.997994,0.00200591,9.71825e-18
0.643095,-0.473678,0,1,2.70143e-27,2.14919e-15
0.819249,0.150377,0,0.999766,2.33101e-24,0.000234097
-0.491222,0.859829,0,0.582502,0.417498,5.72518e-18
0.568424,-0.727422,0,1,2.13612e-30,1.39897e-21
0.356071,-0.296165,0,1,1.8241e-19,9.54278e-14
-1.00603,0.835618,1,0.0285466,0.971453,3.58902e-34
-0.739626,-0.392817,0,1,8.02125e-13,5.08433e-35
1.17901,1.00221,2,0.0166142,4.46659e-37,0.983386
-0.83983,0.183444,0,0.999284,0.000715851,4.16853e-30
-1.1556,0.741286,1,0.117383,0.882617,1.17199e-38
-0.15781,-0.112562,0,1,1.73008e-10,1.39708e-17
0.350356,0.329308,0,0.999975,3.08948e-13,2.50451e-05
0.264959,-0.542805,0,1,4.19775e-22,1.59084e-19
-0.36605,-0.423381,0,1,4.37142e-14,9.39668e-27
-0.0812427,-0.919171,0,1,1.48398e-26,5.89512e-33
0.81659,0.0868857,0,0.999965,1.02361e-24,3.54302e-05
0.725122,1.12994,2,0.0995996,1.38694e-23,0.9004
-0.715676,0.182433,0,0.999397,0.000603257,1.33315e-26
0.903224,-0.231377,0,1,8.57455e-30,4.38263e-10
0.0645898,-0.964908,0,1,6.85687e-29,3.51619e-32
-0.514873,-0.369207,0,1,1.51217e-12,5.23511e-29
0.77287,0.842348,2,0.0576935,1.68893e-23,0.942307
0.219868,0.42259,0,0.999995,1.66055e-10,4.86242e-06
-1.01482,1.17197,1,0.0193199,0.98068,9.14033e-36
-1.0126,0.65781,1,0.143248,0.856752,9.12145e-34
-0.760986,1.15674,1,0.0672656,0.932734,4.48512e-27
-0.278821,-0.467451,0,1,2.26663e-15,7.11785e-26
-0.281529,-0.118244,0,1,1.39397e-09,5.6505e-20
-0.93123,1.06167,1,0.0167546,0.983245,1.63054e-32
-0.0886348,0.237938,0,1,2.21521e-07,3.75748e-12
-0.669439,0.699742,0,0.234083,0.765917,4.00641e-23
0.0564678,0.697927,0,0.999999,3.72306e-07,6.61221e-07
0.226483,0.411945,0,0.999995,1.15393e-10,4.89427e-06
-0.865821,0.832786,1,0.0332445,0.966756,1.28663e-29
-0.888891,0.138065,0,0.999817,0.000182596,5.49193e-32
-0.199941,0.584639,0,0.999581,0.00041864,8.21926e-12
0.137434,0.579975,0,0.999996,1.27532e-08,3.59439e-06
-0.4301,-0.78908,0,1,1.03792e-21,6.15915e-36
0.758523,0.0889892,0,0.999973,2.64934e-23,2.68296e-05
-0.678096,0.925327,1,0.0878272,0.912173,8.83516e-24
0.806573,1.00769,2,0.0314445,1.78727e-25,0.968556
-0.365935,0.328653,0,0.999555,0.00044456,9.02324e-17
-0.796413,0.85701,1,0.0407282,0.959272,1.9215e-27
1.08794,1.15893,2,0.0168175,2.25735e-35,0.983182
-0.0631623,-0.306377,0,1,3.20975e-14,4.05798e-19
-0.170878,0.257508,0,0.999998,2.40425e-06,1.95542e-13
-0.737857,0.606164,0,0.320977,0.679023,4.09222e-25
0.394376,0.840589,0,0.969658,2.61059e-13,0.0303416
-0.663537,0.904504,1,0.104057,0.895943,2.85233e-23
1.0324,0.792683,2,0.0256637,4.71967e-31,0.974336
0.7837,-0.509185,0,1,8.66801e-31,9.0118e-16
0.497766,-0.551092,0,1,7.03697e-26,8.13364e-18
-0.828948,0.247367,0,0.996258,0.00374239,3.06579e-29
-0.958183,1.04222,1,0.0154028,0.984597,2.37998e-33
-0.284168,-0.0440718,0,1,1.4587e-08,5.39223e-19
0.999495,1.01106,2,0.0118956,1.52865e-31,0.988104
-0.208825,-0.119593,0,1,3.76955e-10,1.31885e-18
0.94961,0.907134,2,0.0155826,2.64717e-29,0.984417
0.183627,-0.0985679,0,1,2.98713e-14,2.73238e-12
0.468242,0.837618,0,0.862033,6.26092e-15,0.137967
-0.761722,0.760282,1,0.0842611,0.915739,4.23539e-26
-0.454516,-0.307397,0,1,1.2576e-11,1.44003e-26
0.228932,-0.834501,0,1,1.46183e-27,7.92806e-27
-0.0122552,0.429291,0,0.999999,4.99353e-07,2.58746e-09
0.0622808,0.638052,0,0.999999,2.47687e-07,5.0738e-07
-0.843533,0.289268,0,0.989824,0.0101757,2.40951e-29
0.130369,-0.886167,0,1,1.24816e-27,2.96512e-29
0.771231,0.686237,2,0.164486,1.28372e-22,0.835514
-1.01799,1.10187,1,0.0155064,0.984494,1.35614e-35
-0.79802,0.125601,0,0.999853,0.000147331,1.90204e-29
-0.0874278,0.652441,0,0.999969,3.14976e-05,1.8834e-09
-1.02446,0.728191,1,0.071442,0.928558,2.24386e-34
0.449941,-0.561608,0,1,2.97534e-25,2.29798e-18
-0.724803,1.06405,1,0.0637646,0.936235,1.27175e-25
0.721904,0.774868,2,0.132152,1.31162e-21,0.867848
-0.757297,-0.154607,0,1,1.46194e-08,1.07558e-31
0.104606,0.772255,0,0.999994,7.1404e-08,5.44398e-06
0.395173,0.526374,0,0.997908,2.46665e-13,0.00209241
0.00381595,0.598903,0,0.999999,1.40925e-06,4.18056e-08
0.431336,-0.645743,0,1,1.69159e-26,2.0254e-20
0.0868032,0.352573,0,1,8.21567e-09,2.28255e-08
-0.0944606,0.97631,0,0.999963,3.71456e-05,2.96265e-09
-0.880855,1.10666,1,0.0227559,0.977244,5.71818e-31
-0.571498,0.22502,0,0.999281,0.000719328,1.91304e-22
1.19826,0.903043,2,0.0238853,6.71039e-37,0.976115
-0.70344,-0.443661,0,1,8.32625e-14,5.46436e-35
0.197536,-0.649799,0,1,2.94475e-23,1.25288e-22
-0.843171,0.443792,0,0.793816,0.206184,1.89214e-28
0.774096,-0.197643,0,1,2.43089e-26,1.21767e-09
0.0892142,-0.250549,0,1,4.94505e-15,6.3085e-16
0.948192,1.12014,2,0.017056,1.21102e-30,0.982944
-0.927761,0.784689,1,0.0398757,0.960124,1.83038e-31
-0.445729,-0.131991,0,1,7.68639e-09,1.26908e-23
0.693885,0.324075,0,0.992823,1.94975e-20,0.0071774
-0.601608,-0.404706,0,1,4.63633e-13,1.05044e-31
1.18933,0.821684,2,0.0354481,5.3822e-36,0.964552
-0.519533,0.221139,0,0.999602,0.000398001,3.34354e-21
-1.01477,0.824188,1,0.0312696,0.96873,2.05836e-34
0.59965,0.399191,0,0.989416,5.38923e-18,0.0105844
0.854272,0.73994,2,0.0607918,2.28238e-25,0.939208
-0.991156,0.665144,1,0.125762,0.874238,4.15824e-33
-0.877348,1.21209,1,0.0388531,0.961147,3.36779e-31
-0.790378,-0.52666,0,1,1.13715e-15,6.8304e-39
-0.277078,0.7817,0,0.992151,0.00784897,7.4596e-13
0.794399,0.0244011,0,0.999996,1.18078e-24,4.38429e-06
0.547645,0.703785,0,0.757284,1.53567e-16,0.242716
0.187631,0.0412095,0,1,9.17472e-13,2.70838e-10
0.831571,0.942751,2,0.026428,7.08304e-26,0.973572
0.98072,0.179156,0,0.999275,2.1014e-28,0.000724948
-0.352866,-0.367059,0,1,4.04538e-13,1.90859e-25
-0.906444,-0.41419,0,1,1.23662e-13,4.44266e-40
-0.029556,0.506779,0,0.999998,1.93158e-06,4.09547e-09
-0.740011,0.934591,1,0.0494602,0.95054,8.2992e-26
0.377622,-0.292566,0,1,9.15314e-20,1.71559e-13
-0.406942,-0.00197542,0,1,3.07576e-07,5.15108e-21
0.600207,-0.173199,0,1,2.60171e-22,7.14357e-10
-0.466611,-0.608593,0,1,1.76968e-17,1.30364e-32
0.458384,-0.478205,0,1,5.78146e-24,1.68174e-16
-0.0737017,0.0163379,0,1,1.03695e-09,2.23689e-14
0.775961,-0.215143,0,1,1.38722e-26,6.05985e-10
-0.725743,-0.168583,0,1,8.76599e-09,4.86911e-31
0.755275,-0.157718,0,1,1.8112e-25,5.27507e-09
0.404917,0.62802,0,0.990979,2.26558e-13,0.00902104
0.0861919,-0.591167,0,1,8.3871e-21,1.25081e-22
0.853104,0.957861,2,0.0222751,1.2345e-26,0.977725
0.316244,0.276701,0,0.999996,6.27989e-13,3.61e-06
-0.613026,0.339904,0,0.987886,0.0121138,1.38234e-22
0.893341,0.841982,2,0.0253316,3.63699e-27,0.974668
0.440532,-0.600245,0,1,8.5209e-26,2.65855e-19
0.226082,-0.004713,0,1,8.21249e-14,1.91392e-10
-0.852867,-0.289371,0,1,4.89242e-11,2.05994e-36
0.0718221,0.449085,0,1,4.34654e-08,7.13136e-08
0.923344,-0.280614,0,1,7.22552e-31,5.3444e-11
0.873905,-0.0945323,0,1,1.22636e-27,9.31174e-08
0.975896,1.15839,2,0.0184855,8.8411e-32,0.981514
0.115223,0.562004,0,0.999999,2.55244e-08,1.4166e-06
-0.0820315,-0.469507,0,1,7.64196e-17,1.74858e-22
-0.990317,0.921828,1,0.018141,0.981859,5.61852e-34
-0.288839,-0.413198,0,1,2.6665e-14,5.04579e-25
1.13256,0.881937,2,0.0188083,9.87203e-35,0.981192
0.144797,-0.975522,0,1,6.06998e-30,1.61535e-31
0.761197,0.90949,2,0.0512256,1.64163e-23,0.948774
-0.761303,0.246753,0,0.996573,0.003427,2.6478e-27
1.0476,0.859956,2,0.0171058,5.53456e-32,0.982894
-0.116863,-0.964042,0,1,1.92223e-27,1.03889e-34
1.15734,0.947192,2,0.0164525,5.5236e-36,0.983547
0.221092,-0.22326,0,1,2.15698e-16,7.77164e-14
-1.0319,1.1278,1,0.0164264,0.983574,3.58967e-36
-0.711029,0.564332,0,0.487988,0.512012,2.56829e-24
0.924041,-0.237708,0,1,2.20815e-30,3.35287e-10
-1.05787,0.687866,1,0.12065,0.87935,2.6334e-35
-0.852954,0.196071,0,0.999012,0.000987936,2.22088e-30
0.386104,0.439983,0,0.99955,2.05723e-13,0.00044993
-0.103512,0.246243,0,1,3.79241e-07,2.49205e-12
-0.875882,1.06035,1,0.0207927,0.979207,1.1869e-30
-0.884052,0.0653983,0,0.999979,2.09486e-05,1.39547e-32
0.39632,0.28177,0,0.999975,2.36134e-14,2.52292e-05
-0.27003,0.0467557,0,1,1.493e-07,1.46408e-17
0.323518,0.913041,0,0.993958,4.82314e-12,0.00604223
-0.831414,0.820142,1,0.0406997,0.9593,1.79686e-28
0.427451,-0.841052,0,1,1.97158e-30,2.59622e-25
-0.901411,0.797826,1,0.0376042,0.962396,1.17036e-30
0.714115,0.760129,2,0.155651,2.63697e-21,0.844349
0.27285,0.482758,0,0.999945,3.53994e-11,5.49902e-05
-0.705048,0.841108,1,0.0835029,0.916497,1.79709e-24
0.566952,0.124471,0,0.99999,8.8067e-19,9.85172e-06
0.11532,-0.0716736,0,1,5.41954e-13,9.22344e-13
-0.00277582,-0.822283,0,1,7.42047e-25,2.66433e-29
-0.412565,-0.594908,0,1,2.44784e-17,3.6829e-31
1.18466,0.82404,2,0.0339158,7.13889e-36,0.966084
-0.0716995,0.613904,0,0.999984,1.58823e-05,2.57112e-09
-0.18104,0.631498,0,0.999631,0.000368507,2.91045e-11
-0.871181,0.728116,1,0.0684908,0.931509,1.73451e-29
0.721418,0.965052,2,0.0717721,1.39497e-22,0.928228
-0.866551,-0.412606,0,1,1.8043e-13,6.84717e-39
0.91233,0.244004,0,0.995981,3.01531e-26,0.00401945
0.179227,0.0307469,0,1,9.54462e-13,1.5604e-10
-0.50878,-0.611136,0,1,1.90649e-17,1.33018e-33
-0.401641,0.826643,0,0.884127,0.115873,1.2327e-15
-0.0164955,0.771343,0,0.999995,4.91574e-06,6.48653e-08
-0.605582,0.708531,0,0.35643,0.64357,3.29557e-21
0.107073,0.764724,0,0.999994,6.5291e-08,5.72006e-06
-0.482344,0.161916,0,0.999936,6.44585e-05,7.01453e-21
0.98305,0.886448,2,0.0155427,3.40881e-30,0.984457
-0.330289,0.191268,0,0.999985,1.49153e-05,3.27702e-17
0.2734,-0.677259,0,1,8.67848e-25,1.72676e-22
-0.240109,0.322491,0,0.999964,3.63046e-05,3.3319e-14
-1.11677,0.97205,1,0.0201408,0.979859,2.24629e-38
-0.0315718,-0.526493,0,1,2.29919e-18,7.11616e-23
-0.600039,0.692213,0,0.401713,0.598287,4.8544e-21
0.87142,-0.454399,0,1,6.14258e-32,1.68624e-14
-0.963419,0.872356,1,0.0225512,0.977449,6.47185e-33
-0.171128,-0.137791,0,1,1.02124e-10,3.43772e-18
0.609956,-0.162899,0,1,2.16609e-22,1.19056e-09
-0.274013,-0.0698388,0,1,5.64732e-09,3.8273e-19
1.0528,1.14196,2,0.0152596,3.95763e-34,0.98474
0.989409,0.105875,0,0.999917,4.64163e-29,8.32859e-05
0.637402,0.151013,0,0.999948,4.22565e-20,5.20541e-05
-0.619524,-0.269003,0,1,1.50474e-10,8.02012e-30
0.0511868,0.56529,0,1,2.39177e-07,1.64011e-07
0.971312,0.927732,2,0.0138857,4.15315e-30,0.986114
-0.381748,0.565445,0,0.982764,0.0172364,1.01547e-15
0.568481,-0.345341,0,1,6.52053e-24,3.84227e-13
-0.603619,-0.559144,0,1,3.28407e-16,9.84292e-35
-0.359311,0.355114,0,0.999365,0.000634608,1.9892e-16
-1.07367,1.04911,1,0.0155335,0.984467,2.91947e-37
-0.744171,0.123503,0,0.999868,0.000132169,5.9039e-28
-0.520618,-0.539761,0,1,6.78095e-16,2.19413e-32
1.02827,0.92063,2,0.0132592,8.1428e-32,0.986741
0.809248,-0.319134,0,1,1.26432e-28,8.36277e-12
0.916825,0.699008,2,0.0661708,5.55067e-27,0.933829
-0.655798,1.04329,1,0.123372,0.876628,2.63871e-23
0.260585,0.023488,0,1,4.68736e-14,1.12798e-09
0.287079,0.89111,0,0.997793,2.88997e-11,0.00220653
-0.916928,0.273802,0,0.993745,0.00625462,1.13357e-31
0.892282,-0.308816,0,1,1.88179e-30,1.55333e-11
0.917513,0.7684,2,0.0364872,1.95167e-27,0.963513
0.714016,0.859177,2,0.0956953,8.42546e-22,0.904305
-0.832568,1.16078,1,0.0384023,0.961598,1.65932e-29
-1.05147,0.721452,1,0.083293,0.916707,3.22472e-35
-0.636104,0.882266,1,0.142494,0.857506,2.33743e-22
-0.880281,1.11659,1,0.0235992,0.976401,5.54865e-31
0.198668,-0.320582,0,1,1.7343e-17,8.42121e-16
1.04958,0.861974,2,0.016961,4.65979e-32,0.983039
0.910056,0.929639,2,0.0169858,3.15317e-28,0.983014
0.66481,0.989086,2,0.138925,5.86016e-21,0.861075
0.60018,-0.330377,0,1,2.56224e-24,1.0841e-12
0.135431,0.714252,0,0.999989,2.1974e-08,1.11065e-05
-0.311771,-0.28547,0,1,6.09306e-12,3.41101e-23
0.947264,0.652457,2,0.0981793,1.35852e-27,0.901821
-0.20708,0.38774,0,0.99995,5.01991e-05,4.58802e-13
0.0251904,0.961044,0,0.999999,7.09652e-07,3.82691e-07
-0.584712,0.42337,0,0.957923,0.0420775,2.51691e-21
0.943282,0.808848,2,0.025386,1.79882e-28,0.974614
-0.282371,0.0180883,0,1,8.48748e-08,3.7118e-18
-0.953593,1.15308,1,0.0201476,0.979852,1.3418e-33
0.25406,0.541389,0,0.999925,1.13667e-10,7.47605e-05
0.202137,0.346207,0,0.999999,1.3363e-10,7.31771e-07
-0.186457,-0.411829,0,1,5.93838e-15,4.16223e-23
0.970282,0.864035,2,0.017533,1.18184e-29,0.982467
-0.146779,-0.687625,0,1,1.05677e-20,3.1297e-28
-0.0858279,0.443101,0,0.999995,4.93854e-06,1.84953e-10
0.415121,-0.369599,0,1,1.62725e-21,1.25421e-14
0.915417,0.658896,2,0.0991281,1.07023e-26,0.900872
0.206043,-0.399573,0,1,7.84631e-19,3.30803e-17
0.845575,0.804672,2,0.0405576,1.72731e-25,0.959442
0.0834749,0.270167,0,1,2.65275e-09,3.89591e-09
0.774289,0.852314,2,0.0545773,1.34703e-23,0.945423
0.184708,-0.619427,0,1,1.68772e-22,4.47899e-22
-1.1213,0.902659,1,0.0274925,0.972507,3.1991e-38
0.716105,0.443386,0,0.909603,1.28898e-20,0.0903971
0.168637,0.885595,0,0.999938,4.50954e-09,6.23076e-05
-0.886215,0.795316,1,0.0394825,0.960517,3.66874e-30
-0.961456,0.850001,1,0.0254497,0.97455,8.98356e-33
0.231647,0.969907,0,0.999568,1.90887e-10,0.000431833
0.308536,-0.178411,0,1,4.0913e-17,3.65999e-12
-0.654279,0.202642,0,0.999237,0.000763356,9.03893e-25
-0.162615,0.243008,0,0.999998,1.50364e-06,2.04174e-13
0.848753,0.431317,0,0.824081,4.91039e-24,0.175919
0.578901,-0.736762,0,1,9.0762e-31,9.14699e-22
-0.690611,0.75789,1,0.139672,0.860328,7.36222e-24
0.885451,0.647828,2,0.123214,9.3868e-26,0.876786
